t_fit,I_fit,t_data,I_data
0.0,272118.0,0,272118.0
0.02902902902902903,273144.58019455645,1,287975.0
0.05805805805805806,274175.0065496928,2,305223.0
0.0870870870870871,275209.2932603583,3,344282.0
0.11611611611611612,276247.452405288,4,416156.0
0.14514514514514515,277289.49850650394,5,500194.0
0.1741741741741742,278335.44815955614,6,596346.0
0.2032032032032032,279385.31758828345,7,690600.0
0.23223223223223224,280439.1198598665,8,785106.0
0.26126126126126126,281496.86889196414,9,850802.0
0.2902902902902903,282558.57915770204,10,918891.0
0.31931931931931934,283624.26530562155,11,1019428.0
0.3483483483483484,284693.94210426236,12,1108478.0
0.3773773773773774,285767.6242013442,13,1186374.0
0.4064064064064064,286845.3264420367,14,1278564.0
0.43543543543543545,287927.06341111433,15,1355196.0
0.4644644644644645,289012.85030423675,16,1399935.0
0.49349349349349353,290102.70188392396,17,1457997.0
0.5225225225225225,291196.6331750438,18,1497769.0
0.5515515515515516,292294.6592568012,19,1530931.0
0.5805805805805806,293396.7951972176,20,1551032.0
0.6096096096096096,294503.05613493896,21,1558670.0
0.6386386386386387,295613.4572792354,22,1555127.0
0.6676676676676677,296728.0139100016,23,1551692.0
0.6966966966966968,297846.7413691707,24,1541461.0
0.7257257257257258,298969.6549687395,25,1507885.0
0.7547547547547548,300096.7701201869,26,1465306.0
0.7837837837837838,301228.10231932916,27,1414633.0
0.8128128128128128,302363.6671249388,28,1338664.0
0.8418418418418419,303503.4801587447,0,0.0
0.8708708708708709,304647.55710543186,0,0.0
0.8998998998998999,305795.9136929248,0,0.0
0.928928928928929,306948.5656151069,0,0.0
0.957957957957958,308105.52867558657,0,0.0
0.9869869869869871,309266.81874401844,0,0.0
1.016016016016016,310432.45174547646,0,0.0
1.045045045045045,311602.443660454,0,0.0
1.0740740740740742,312776.81052486383,0,0.0
1.103103103103103,313955.5684359956,0,0.0
1.1321321321321323,315138.73356000695,0,0.0
1.1611611611611612,316326.32210966013,0,0.0
1.1901901901901903,317518.35035378614,0,0.0
1.2192192192192193,318714.83461787604,0,0.0
1.2482482482482482,319915.7912840813,0,0.0
1.2772772772772774,321121.2367912135,0,0.0
1.3063063063063063,322331.1876336472,0,0.0
1.3353353353353354,323545.66041130456,0,0.0
1.3643643643643644,324764.6717221247,0,0.0
1.3933933933933935,325988.2382453632,0,0.0
1.4224224224224224,327216.37671749317,0,0.0
1.4514514514514516,328449.10393239534,0,0.0
1.4804804804804805,329686.4367419146,0,0.0
1.5095095095095097,330928.39208670123,0,0.0
1.5385385385385386,332174.98696171655,0,0.0
1.5675675675675675,333426.23840383464,0,0.0
1.5965965965965967,334682.16350928164,0,0.0
1.6256256256256256,335942.77943386073,0,0.0
1.6546546546546548,337208.1033931768,0,0.0
1.6836836836836837,338478.15266286116,0,0.0
1.7127127127127129,339752.9445787963,0,0.0
1.7417417417417418,341032.4965373407,0,0.0
1.770770770770771,342316.82599555346,0,0.0
1.7997997997997999,343605.9504714193,0,0.0
1.828828828828829,344899.88754407293,0,0.0
1.857857857857858,346198.6548540241,0,0.0
1.8868868868868869,347502.2701033823,0,0.0
1.915915915915916,348810.75105608127,0,0.0
1.944944944944945,350124.1155381042,0,0.0
1.9739739739739741,351442.381437708,0,0.0
2.0030030030030033,352765.5667126277,0,0.0
2.032032032032032,354093.6894216429,0,0.0
2.061061061061061,355426.7676594347,0,0.0
2.09009009009009,356764.8195787069,0,0.0
2.1191191191191194,358107.86339667713,0,0.0
2.1481481481481484,359455.91739534005,0,0.0
2.1771771771771773,360808.9999217309,0,0.0
2.206206206206206,362167.1293881887,0,0.0
2.235235235235235,363530.32427261973,0,0.0
2.2642642642642645,364898.6031187606,0,0.0
2.2932932932932935,366271.98453644174,0,0.0
2.3223223223223224,367650.4872018507,0,0.0
2.3513513513513513,369034.1298577955,0,0.0
2.3803803803803807,370422.931313968,0,0.0
2.4094094094094096,371816.91044720693,0,0.0
2.4384384384384385,373216.0862017618,0,0.0
2.4674674674674675,374620.47758955555,0,0.0
2.4964964964964964,376030.1036904484,0,0.0
2.525525525525526,377444.98362378974,0,0.0
2.5545545545545547,378865.1365533607,0,0.0
2.5835835835835836,380290.5817478172,0,0.0
2.6126126126126126,381721.33854381525,0,0.0
2.641641641641642,383157.4263457939,0,0.0
2.670670670670671,384598.8646261887,0,0.0
2.6996996996997,386045.672925645,0,0.0
2.7287287287287287,387497.870853231,0,0.0
2.757757757757758,388955.4780866506,0,0.0
2.786786786786787,390418.514372457,0,0.0
2.815815815815816,391886.9995262658,0,0.0
2.844844844844845,393360.95343296794,0,0.0
2.873873873873874,394840.3960469431,0,0.0
2.902902902902903,396325.3473922726,0,0.0
2.931931931931932,397815.827562953,0,0.0
2.960960960960961,399311.8567231088,0,0.0
2.98998998998999,400813.45510720584,0,0.0
3.0190190190190194,402320.64302026125,0,0.0
3.0480480480480483,403833.4408379949,0,0.0
3.0770770770770772,405351.8690071335,0,0.0
3.106106106106106,406875.94804561813,0,0.0
3.135135135135135,408405.6985427954,0,0.0
3.1641641641641645,409941.1411596301,0,0.0
3.1931931931931934,411482.2966289186,0,0.0
3.2222222222222223,413029.18575550197,0,0.0
3.2512512512512513,414581.82941647875,0,0.0
3.2802802802802806,416140.2485614185,0,0.0
3.3093093093093096,417704.46421257453,0,0.0
3.3383383383383385,419274.49746509717,0,0.0
3.3673673673673674,420850.36948724696,0,0.0
3.396396396396397,422432.1015206075,0,0.0
3.4254254254254257,424019.71488029876,0,0.0
3.4544544544544546,425613.2309551902,0,0.0
3.4834834834834836,427212.6712081136,0,0.0
3.5125125125125125,428818.0571760766,0,0.0
3.541541541541542,430429.4104734313,0,0.0
3.570570570570571,432046.7527976228,0,0.0
3.5995995995995997,433670.10591332585,0,0.0
3.6286286286286287,435299.49165972864,0,0.0
3.657657657657658,436934.9319515435,0,0.0
3.686686686686687,438576.4487792297,0,0.0
3.715715715715716,440224.0642092166,0,0.0
3.744744744744745,441877.8003841262,0,0.0
3.7737737737737738,443537.67952299595,0,0.0
3.802802802802803,445203.7239215019,0,0.0
3.831831831831832,446875.955952181,0,0.0
3.860860860860861,448554.39806465455,0,0.0
3.88988988988989,450239.0727858507,0,0.0
3.9189189189189193,451930.00272022723,0,0.0
3.9479479479479482,453627.21054999455,0,0.0
3.976976976976977,455330.7190353385,0,0.0
4.0060060060060065,457040.55101464316,0,0.0
4.035035035035035,458756.7294246797,0,0.0
4.064064064064064,460479.27722176147,0,0.0
4.093093093093093,462208.2175152814,0,0.0
4.122122122122122,463943.573461102,0,0.0
4.151151151151152,465685.3682947008,0,0.0
4.18018018018018,467433.62533139496,0,0.0
4.2092092092092095,469188.3679665654,0,0.0
4.238238238238239,470949.61967588216,0,0.0
4.267267267267267,472717.4040155295,0,0.0
4.296296296296297,474491.7446224324,0,0.0
4.325325325325325,476272.6652144828,0,0.0
4.354354354354355,478060.1895907666,0,0.0
4.383383383383384,479854.34163179115,0,0.0
4.412412412412412,481655.1452997131,0,0.0
4.441441441441442,483462.6246385673,0,0.0
4.47047047047047,485276.80377449485,0,0.0
4.4994994994995,487097.7069159737,0,0.0
4.528528528528529,488925.3583540473,0,0.0
4.5575575575575575,490759.7824641424,0,0.0
4.586586586586587,492601.0037177014,0,0.0
4.615615615615616,494449.0466607411,0,0.0
4.644644644644645,496303.9359200105,0,0.0
4.673673673673674,498165.6962062102,0,0.0
4.702702702702703,500034.3523142336,0,0.0
4.731731731731732,501909.92912341014,0,0.0
4.760760760760761,503792.45159774803,0,0.0
4.78978978978979,505681.944786178,0,0.0
4.818818818818819,507578.43382279814,0,0.0
4.847847847847848,509481.9439271184,0,0.0
4.876876876876877,511392.5004043069,0,0.0
4.9059059059059065,513310.128645436,0,0.0
4.934934934934935,515234.85412772914,0,0.0
4.963963963963964,517166.7024148088,0,0.0
4.992992992992993,519105.6991569446,0,0.0
5.022022022022022,521051.8700913024,0,0.0
5.051051051051052,523005.24104219367,0,0.0
5.08008008008008,524965.8379213257,0,0.0
5.109109109109109,526933.686728053,0,0.0
5.138138138138139,528908.8135496278,0,0.0
5.167167167167167,530891.2445614529,0,0.0
5.196196196196197,532881.0060273345,0,0.0
5.225225225225225,534878.1242997354,0,0.0
5.2542542542542545,536882.625820029,0,0.0
5.283283283283284,538894.537118754,0,0.0
5.312312312312312,540913.8848158699,0,0.0
5.341341341341342,542940.6956210133,0,0.0
5.37037037037037,544974.9963423116,0,0.0
5.3993993993994,547016.8138856691,0,0.0
5.428428428428429,549066.1752351646,0,0.0
5.4574574574574575,551123.1074656572,0,0.0
5.486486486486487,553187.637743256,0,0.0
5.515515515515516,555259.7933255913,0,0.0
5.544544544544545,557339.6015620851,0,0.0
5.573573573573574,559427.0898942256,0,0.0
5.602602602602603,561522.2858558388,0,0.0
5.631631631631632,563625.2170733646,0,0.0
5.660660660660661,565735.9112661303,0,0.0
5.68968968968969,567854.3962466276,0,0.0
5.718718718718719,569980.699920789,0,0.0
5.747747747747748,572114.8502882654,0,0.0
5.776776776776777,574256.875442705,0,0.0
5.805805805805806,576406.803572032,0,0.0
5.834834834834835,578564.6629587268,0,0.0
5.863863863863864,580730.4819801074,0,0.0
5.892892892892893,582904.2891086108,0,0.0
5.921921921921922,585086.1129120758,0,0.0
5.9509509509509515,587275.9820540263,0,0.0
5.97997997997998,589473.9252939557,0,0.0
6.009009009009009,591679.9714876119,0,0.0
6.038038038038039,593894.1495872835,0,0.0
6.067067067067067,596116.488642086,0,0.0
6.096096096096097,598347.0177982504,0,0.0
6.125125125125125,600585.7662994107,0,0.0
6.1541541541541545,602832.7634852252,0,0.0
6.183183183183184,605088.0387692513,0,0.0
6.212212212212212,607351.6216761125,0,0.0
6.241241241241242,609623.5418361832,0,0.0
6.27027027027027,611903.8289782732,0,0.0
6.2992992992992995,614192.5129299051,0,0.0
6.328328328328329,616489.6236175904,0,0.0
6.357357357357357,618795.1910671078,0,0.0
6.386386386386387,621109.2454037819,0,0.0
6.415415415415416,623431.8168527612,0,0.0
6.444444444444445,625762.9357392981,0,0.0
6.473473473473474,628102.6324890286,0,0.0
6.5025025025025025,630450.9376282527,0,0.0
6.531531531531532,632807.8817842153,0,0.0
6.560560560560561,635173.4956853886,0,0.0
6.58958958958959,637547.8101617524,0,0.0
6.618618618618619,639930.856145079,0,0.0
6.647647647647648,642322.6646692145,0,0.0
6.676676676676677,644723.2668703635,0,0.0
6.705705705705706,647132.693987373,0,0.0
6.734734734734735,649550.9773620174,0,0.0
6.763763763763764,651978.1484392836,0,0.0
6.792792792792794,654414.2387676571,0,0.0
6.821821821821822,656859.2799994084,0,0.0
6.850850850850851,659313.3038908801,0,0.0
6.87987987987988,661776.3423027738,0,0.0
6.908908908908909,664248.4272004393,0,0.0
6.937937937937939,666729.5906541618,0,0.0
6.966966966966967,669219.8648332454,0,0.0
6.9959959959959965,671719.2820024954,0,0.0
7.025025025025025,674227.8745447564,0,0.0
7.054054054054054,676745.6749492867,0,0.0
7.083083083083084,679272.715811467,0,0.0
7.112112112112112,681809.029833082,0,0.0
7.141141141141142,684354.6498226024,0,0.0
7.17017017017017,686909.6086954669,0,0.0
7.1991991991991995,689473.9394743651,0,0.0
7.228228228228229,692047.6752895201,0,0.0
7.257257257257257,694630.8493789715,0,0.0
7.286286286286287,697223.49508886,0,0.0
7.315315315315316,699825.6458737103,0,0.0
7.344344344344345,702437.3352967158,0,0.0
7.373373373373374,705058.5970300244,0,0.0
7.402402402402402,707689.4648550214,0,0.0
7.431431431431432,710329.9726626175,0,0.0
7.460460460460461,712980.1544535325,0,0.0
7.48948948948949,715640.0443385827,0,0.0
7.518518518518519,718309.6765389671,0,0.0
7.5475475475475475,720989.0853865544,0,0.0
7.576576576576577,723678.30532417,0,0.0
7.605605605605606,726377.3709058844,0,0.0
7.634634634634635,729086.3167973001,0,0.0
7.663663663663664,731805.1777758409,0,0.0
7.6926926926926935,734533.9887310402,0,0.0
7.721721721721722,737272.78466483,0,0.0
7.750750750750751,740021.6006915941,0,0.0
7.77977977977978,742780.4720314704,0,0.0
7.808808808808809,745549.4340205248,0,0.0
7.837837837837839,748328.5221113837,0,0.0
7.866866866866867,751117.7718703913,0,0.0
7.8958958958958965,753917.2189778956,0,0.0
7.924924924924925,756726.8992285341,0,0.0
7.953953953953954,759546.8485315219,0,0.0
7.982982982982984,762377.1029109368,0,0.0
8.012012012012013,765217.6985060076,0,0.0
8.04104104104104,768068.6715714008,0,0.0
8.07007007007007,770930.0584775094,0,0.0
8.0990990990991,773801.8957107393,0,0.0
8.128128128128129,776684.2198737983,0,0.0
8.157157157157158,779577.067685985,0,0.0
8.186186186186186,782480.4759834766,0,0.0
8.215215215215215,785394.4817196194,0,0.0
8.244244244244245,788319.1219652162,0,0.0
8.273273273273274,791254.4339088177,0,0.0
8.302302302302303,794200.4548570109,0,0.0
8.331331331331333,797157.2222347104,0,0.0
8.36036036036036,800124.7735854477,0,0.0
8.38938938938939,803103.1465716637,0,0.0
8.418418418418419,806092.3789749973,0,0.0
8.447447447447448,809092.5086965783,0,0.0
8.476476476476478,812103.5737573183,0,0.0
8.505505505505505,815125.6122982024,0,0.0
8.534534534534535,818158.6625805817,0,0.0
8.563563563563564,821202.7629829169,0,0.0
8.592592592592593,824257.951995246,0,0.0
8.621621621621623,827324.2682382858,0,0.0
8.65065065065065,830401.7504549857,0,0.0
8.67967967967968,833490.4375099242,0,0.0
8.70870870870871,836590.3683895932,0,0.0
8.737737737737739,839701.5822026846,0,0.0
8.766766766766768,842824.1181803759,0,0.0
8.795795795795796,845958.0156766166,0,0.0
8.824824824824825,849103.3141684149,0,0.0
8.853853853853854,852260.0532561234,0,0.0
8.882882882882884,855428.272663726,0,0.0
8.911911911911913,858608.0122391242,0,0.0
8.94094094094094,861799.3119544246,0,0.0
8.96996996996997,865002.2119062258,0,0.0
8.998998998999,868216.7523159048,0,0.0
9.028028028028029,871442.9735299051,0,0.0
9.057057057057058,874680.9160200232,0,0.0
9.086086086086086,877930.6203836967,0,0.0
9.115115115115115,881192.1273442927,0,0.0
9.144144144144144,884465.4777513936,0,0.0
9.173173173173174,887750.7125810868,0,0.0
9.202202202202203,891047.872936252,0,0.0
9.231231231231233,894357.0000468495,0,0.0
9.26026026026026,897678.1352702085,0,0.0
9.28928928928929,901011.3200913162,0,0.0
9.318318318318319,904356.5961231054,0,0.0
9.347347347347348,907714.0051270332,0,0.0
9.376376376376378,911083.5889154077,0,0.0
9.405405405405405,914465.3895013083,0,0.0
9.434434434434435,917859.4490088754,0,0.0
9.463463463463464,921265.8096914031,0,0.0
9.492492492492493,924684.5139316184,0,0.0
9.521521521521523,928115.6042419608,0,0.0
9.55055055055055,931559.1232648595,0,0.0
9.57957957957958,935015.1137730139,0,0.0
9.608608608608609,938483.6186696703,0,0.0
9.637637637637638,941964.6809889019,0,0.0
9.666666666666668,945458.3438958871,0,0.0
9.695695695695695,948964.6506871881,0,0.0
9.724724724724725,952483.6447910302,0,0.0
9.753753753753754,956015.3697675795,0,0.0
9.782782782782784,959559.8693092221,0,0.0
9.811811811811813,963117.187240843,0,0.0
9.84084084084084,966687.3675201043,0,0.0
9.86986986986987,970270.4542377247,0,0.0
9.8988988988989,973866.4916177569,0,0.0
9.927927927927929,977475.5240178676,0,0.0
9.956956956956958,981097.5959296154,0,0.0
9.985985985985986,984732.7519787294,0,0.0
10.015015015015015,988381.0369253891,0,0.0
10.044044044044044,992042.4956645011,0,0.0
10.073073073073074,995717.1732259797,0,0.0
10.102102102102103,999405.1147750241,0,0.0
10.131131131131133,1003106.3656123984,0,0.0
10.16016016016016,1006820.9711649005,0,0.0
10.18918918918919,1010548.9769559893,0,0.0
10.218218218218219,1014290.4286829906,0,0.0
10.247247247247248,1018045.3721856222,0,0.0
10.276276276276278,1021813.8534403222,0,0.0
10.305305305305305,1025595.9185605245,0,0.0
10.334334334334335,1029391.6137969338,0,0.0
10.363363363363364,1033200.9855377998,0,0.0
10.392392392392393,1037024.0803091928,0,0.0
10.421421421421423,1040860.9447752784,0,0.0
10.45045045045045,1044711.6257385925,0,0.0
10.47947947947948,1048576.1701403162,0,0.0
10.508508508508509,1052454.625060551,0,0.0
10.537537537537538,1056347.0377185934,0,0.0
10.566566566566568,1060253.455473209,0,0.0
10.595595595595595,1064173.9258229095,0,0.0
10.624624624624625,1068108.496406226,0,0.0
10.653653653653654,1072057.2150019847,0,0.0
10.682682682682684,1076020.1295295812,0,0.0
10.711711711711713,1079997.288049256,0,0.0
10.74074074074074,1083988.7387623684,0,0.0
10.76976976976977,1087994.5300116744,0,0.0
10.7987987987988,1092014.710281597,0,0.0
10.827827827827829,1096049.328198505,0,0.0
10.856856856856858,1100098.4325309864,0,0.0
10.885885885885886,1104162.072190123,0,0.0
10.914914914914915,1108240.2962297664,0,0.0
10.943943943943944,1112333.1538468124,0,0.0
10.972972972972974,1116440.6943814754,0,0.0
11.002002002002003,1120562.9673175642,0,0.0
11.031031031031032,1124700.0222827562,0,0.0
11.06006006006006,1128851.909048873,0,0.0
11.08908908908909,1133018.677532155,0,0.0
11.118118118118119,1137200.3777935368,0,0.0
11.147147147147148,1141397.0600389207,0,0.0
11.176176176176178,1145608.7746194534,0,0.0
11.205205205205205,1149835.5720317997,0,0.0
11.234234234234235,1154077.5029184187,0,0.0
11.263263263263264,1158334.6180678373,0,0.0
11.292292292292293,1162606.9684149257,0,0.0
11.321321321321323,1166894.6050382815,0,0.0
11.35035035035035,1171197.579030587,0,0.0
11.37937937937938,1175515.941674291,0,0.0
11.408408408408409,1179849.7444651127,0,0.0
11.437437437437438,1184199.039045046,0,0.0
11.466466466466468,1188563.8772026042,0,0.0
11.495495495495495,1192944.3108730614,0,0.0
11.524524524524525,1197340.392138699,0,0.0
11.553553553553554,1201752.1732290487,0,0.0
11.582582582582583,1206179.7065211358,0,0.0
11.611611611611613,1210623.044539724,0,0.0
11.64064064064064,1215082.239957559,0,0.0
11.66966966966967,1219557.3455956136,0,0.0
11.6986986986987,1224048.41442333,0,0.0
11.727727727727729,1228555.499558864,0,0.0
11.756756756756758,1233078.6542693302,0,0.0
11.785785785785786,1237617.9319710445,0,0.0
11.814814814814815,1242173.38622977,0,0.0
11.843843843843844,1246745.0707609586,0,0.0
11.872872872872874,1251333.0394299964,0,0.0
11.901901901901903,1255937.346252448,0,0.0
11.930930930930932,1260558.0453942986,0,0.0
11.95995995995996,1265195.1911722,0,0.0
11.98898898898899,1269848.8380537147,0,0.0
12.018018018018019,1274519.0406575573,0,0.0
12.047047047047048,1279205.8537538412,0,0.0
12.076076076076077,1283909.332264321,0,0.0
12.105105105105105,1288629.5312626369,0,0.0
12.134134134134134,1293366.5059745598,0,0.0
12.163163163163164,1298120.3117782327,0,0.0
12.192192192192193,1302891.004182946,0,0.0
12.221221221221223,1307678.6387519366,0,0.0
12.25025025025025,1312483.2712868443,0,0.0
12.27927927927928,1317304.9577573794,0,0.0
12.308308308308309,1322143.754285778,0,0.0
12.337337337337338,1326999.7171470253,0,0.0
12.366366366366368,1331872.9027690764,0,0.0
12.395395395395395,1336763.3677330774,0,0.0
12.424424424424425,1341671.168773587,0,0.0
12.453453453453454,1346596.3627787977,0,0.0
12.482482482482483,1351539.0067907567,0,0.0
12.511511511511513,1356499.1580055873,0,0.0
12.54054054054054,1361476.87377371,0,0.0
12.56956956956957,1366472.2116000657,0,0.0
12.598598598598599,1371485.2291443339,0,0.0
12.627627627627628,1376515.9842211553,0,0.0
12.656656656656658,1381564.5348003546,0,0.0
12.685685685685687,1386630.939007159,0,0.0
12.714714714714715,1391715.2551224215,0,0.0
12.743743743743744,1396817.5415828424,0,0.0
12.772772772772774,1401937.8569811878,0,0.0
12.801801801801803,1407076.2600665148,0,0.0
12.830830830830832,1412232.8097443895,0,0.0
12.85985985985986,1417407.5650771097,0,0.0
12.88888888888889,1422600.5852839272,0,0.0
12.917917917917919,1427811.9297412669,0,0.0
12.946946946946948,1433041.657982949,0,0.0
12.975975975975977,1438289.829700411,0,0.0
13.005005005005005,1443556.5047429278,0,0.0
13.034034034034034,1448841.7431178344,0,0.0
13.063063063063064,1454145.604854747,0,0.0
13.092092092092093,1459468.1500531726,0,0.0
13.121121121121122,1464809.4391508873,0,0.0
13.15015015015015,1470169.5327439788,0,0.0
13.17917917917918,1475548.491585335,0,0.0
13.208208208208209,1480946.376584815,0,0.0
13.237237237237238,1486363.2488094207,0,0.0
13.266266266266268,1491799.1694834672,0,0.0
13.295295295295295,1497254.1999887554,0,0.0
13.324324324324325,1502728.4018647436,0,0.0
13.353353353353354,1508221.8368087164,0,0.0
13.382382382382383,1513734.566675959,0,0.0
13.411411411411413,1519266.653479926,0,0.0
13.44044044044044,1524818.1593924148,0,0.0
13.46946946946947,1530389.146743736,0,0.0
13.498498498498499,1535979.6780228838,0,0.0
13.527527527527528,1541589.8158777093,0,0.0
13.556556556556558,1547219.6231150897,0,0.0
13.585585585585587,1552869.1627011015,0,0.0
13.614614614614615,1558538.4977611902,0,0.0
13.643643643643644,1564227.6915803438,0,0.0
13.672672672672673,1569936.807603261,0,0.0
13.701701701701703,1575665.9094345255,0,0.0
13.730730730730732,1581415.0608387752,0,0.0
13.75975975975976,1587184.3257408745,0,0.0
13.78878878878879,1592973.7682260866,0,0.0
13.817817817817819,1598783.4525402426,0,0.0
13.846846846846848,1604613.4430899136,0,0.0
13.875875875875877,1610463.8044425836,0,0.0
13.904904904904905,1616334.6013154774,0,0.0
13.933933933933934,1622225.898356894,0,0.0
13.962962962962964,1628137.7604812258,0,0.0
13.991991991991993,1634070.2528459541,0,0.0
14.021021021021022,1640023.440766775,0,0.0
14.05005005005005,1645997.389717678,0,0.0
14.07907907907908,1651992.1653310258,0,0.0
14.108108108108109,1658007.8333976313,0,0.0
14.137137137137138,1664044.4598668383,0,0.0
14.166166166166168,1670102.1108465993,0,0.0
14.195195195195195,1676180.8526035554,0,0.0
14.224224224224224,1682280.7515631148,0,0.0
14.253253253253254,1688401.874309531,0,0.0
14.282282282282283,1694544.2875859821,0,0.0
14.311311311311313,1700708.058294651,0,0.0
14.34034034034034,1706893.2534968015,0,0.0
14.36936936936937,1713099.940412861,0,0.0
14.398398398398399,1719328.1864224954,0,0.0
14.427427427427428,1725578.0590646907,0,0.0
14.456456456456458,1731849.6260378314,0,0.0
14.485485485485487,1738142.955199778,0,0.0
14.514514514514515,1744458.114567948,0,0.0
14.543543543543544,1750795.172319394,0,0.0
14.572572572572573,1757154.1967908817,0,0.0
14.601601601601603,1763535.256477325,0,0.0
14.630630630630632,1769938.4199195104,0,0.0
14.65965965965966,1776363.7558427837,0,0.0
14.68868868868869,1782811.333193681,0,0.0
14.717717717717719,1789281.221076919,0,0.0
14.746746746746748,1795773.4887554245,0,0.0
14.775775775775777,1802288.2056503636,0,0.0
14.804804804804805,1808825.4413411694,0,0.0
14.833833833833834,1815385.2655655723,0,0.0
14.862862862862864,1821967.748219626,0,0.0
14.891891891891893,1828572.9593577383,0,0.0
14.920920920920922,1835200.9691926986,0,0.0
14.94994994994995,1841851.848095707,0,0.0
14.97897897897898,1848525.6665964036,0,0.0
15.008008008008009,1855222.4953828955,0,0.0
15.037037037037038,1861942.4053017865,0,0.0
15.066066066066067,1868685.467358206,0,0.0
15.095095095095095,1875451.7527158363,0,0.0
15.124124124124124,1882241.332696943,0,0.0
15.153153153153154,1889054.2787824029,0,0.0
15.182182182182183,1895890.662611731,0,0.0
15.211211211211213,1902750.5559831124,0,0.0
15.24024024024024,1909634.0308534272,0,0.0
15.26926926926927,1916541.1593382836,0,0.0
15.298298298298299,1923472.013712027,0,0.0
15.327327327327328,1930426.666226103,0,0.0
15.356356356356358,1937405.189260959,0,0.0
15.385385385385387,1944407.6555104565,0,0.0
15.414414414414415,1951434.137823636,0,0.0
15.443443443443444,1958484.7092046505,0,0.0
15.472472472472473,1965559.4428126956,0,0.0
15.501501501501503,1972658.4119619422,0,0.0
15.530530530530532,1979781.6901214689,0,0.0
15.55955955955956,1986929.3509151936,0,0.0
15.588588588588589,1994101.4681218064,0,0.0
15.617617617617618,2001298.1156747006,0,0.0
15.646646646646648,2008519.3676619048,0,0.0
15.675675675675677,2015765.298326016,0,0.0
15.704704704704705,2023035.98206413,0,0.0
15.733733733733734,2030331.4934277763,0,0.0
15.762762762762764,2037651.907122846,0,0.0
15.791791791791793,2044997.2980095276,0,0.0
15.820820820820822,2052367.7411022368,0,0.0
15.84984984984985,2059763.3115695491,0,0.0
15.87887887887888,2067184.0847341334,0,0.0
15.907907907907909,2074630.1360726815,0,0.0
15.936936936936938,2082101.5412158417,0,0.0
15.965965965965967,2089598.3759481502,0,0.0
15.994994994994995,2097120.7162079632,0,0.0
16.024024024024026,2104668.637934889,0,0.0
16.053053053053056,2112242.2171033267,0,0.0
16.08208208208208,2119841.53004778,0,0.0
16.11111111111111,2127466.653254802,0,0.0
16.14014014014014,2135117.663360256,0,0.0
16.16916916916917,2142794.6371491454,0,0.0
16.1981981981982,2150497.65155544,0,0.0
16.227227227227228,2158226.783661899,0,0.0
16.256256256256258,2165982.1106998976,0,0.0
16.285285285285287,2173763.7100492516,0,0.0
16.314314314314316,2181571.6592380446,0,0.0
16.343343343343346,2189406.035942451,0,0.0
16.37237237237237,2197266.917986563,0,0.0
16.4014014014014,2205154.383342217,0,0.0
16.43043043043043,2213068.510128817,0,0.0
16.45945945945946,2221009.3766131587,0,0.0
16.48848848848849,2228977.0612092596,0,0.0
16.51751751751752,2236971.6424781806,0,0.0
16.546546546546548,2244993.199127852,0,0.0
16.575575575575577,2253041.810012901,0,0.0
16.604604604604607,2261117.554134474,0,0.0
16.633633633633636,2269220.5106400647,0,0.0
16.662662662662665,2277350.7588233375,0,0.0
16.69169169169169,2285508.378123954,0,0.0
16.72072072072072,2293693.447994132,0,0.0
16.74974974974975,2301906.047809423,0,0.0
16.77877877877878,2310146.2573591354,0,0.0
16.80780780780781,2318414.1565862005,0,0.0
16.836836836836838,2326709.8255736963,0,0.0
16.865865865865867,2335033.3445445444,0,0.0
16.894894894894897,2343384.793861209,0,0.0
16.923923923923926,2351764.254025393,0,0.0
16.952952952952955,2360171.805677737,0,0.0
16.98198198198198,2368607.529597515,0,0.0
17.01101101101101,2377071.506702334,0,0.0
17.04004004004004,2385563.818047832,0,0.0
17.06906906906907,2394084.5448273723,0,0.0
17.0980980980981,2402633.768371743,0,0.0
17.127127127127128,2411211.570148858,0,0.0
17.156156156156158,2419818.031763447,0,0.0
17.185185185185187,2428453.2349567614,0,0.0
17.214214214214216,2437117.261606266,0,0.0
17.243243243243246,2445810.1937253387,0,0.0
17.27227227227227,2454532.1134629683,0,0.0
17.3013013013013,2463283.1031034538,0,0.0
17.33033033033033,2472063.245066097,0,0.0
17.35935935935936,2480872.6219049054,0,0.0
17.38838838838839,2489711.3163082865,0,0.0
17.41741741741742,2498579.4109903686,0,0.0
17.446446446446448,2507476.9884694507,0,0.0
17.475475475475477,2516404.1317128506,0,0.0
17.504504504504506,2525360.923851047,0,0.0
17.533533533533536,2534347.4481415506,0,0.0
17.562562562562565,2543363.7879684474,0,0.0
17.59159159159159,2552410.026841949,0,0.0
17.62062062062062,2561486.2483979417,0,0.0
17.64964964964965,2570592.5363975256,0,0.0
17.67867867867868,2579728.974726567,0,0.0
17.70770770770771,2588895.647395244,0,0.0
17.736736736736738,2598092.6385375923,0,0.0
17.765765765765767,2607320.032411053,0,0.0
17.794794794794797,2616577.913396018,0,0.0
17.823823823823826,2625866.365995379,0,0.0
17.852852852852855,2635185.4748340715,0,0.0
17.88188188188188,2644535.3246586216,0,0.0
17.91091091091091,2653916.000336698,0,0.0
17.93993993993994,2663327.5868566497,0,0.0
17.96896896896897,2672770.16932706,0,0.0
17.997997997998,2682243.832976291,0,0.0
18.027027027027028,2691748.663152029,0,0.0
18.056056056056057,2701284.745320832,0,0.0
18.085085085085087,2710852.165067678,0,0.0
18.114114114114116,2720451.0080159903,0,0.0
18.143143143143146,2730081.359478396,0,0.0
18.17217217217217,2739743.3052189643,0,0.0
18.2012012012012,2749436.9311856306,0,0.0
18.23023023023023,2759162.323435721,0,0.0
18.25925925925926,2768919.5681353323,0,0.0
18.28828828828829,2778708.7515587024,0,0.0
18.31731731731732,2788529.960087583,0,0.0
18.346346346346348,2798383.280210609,0,0.0
18.375375375375377,2808268.7985226754,0,0.0
18.404404404404406,2818186.6017243043,0,0.0
18.433433433433436,2828136.7766210195,0,0.0
18.462462462462465,2838119.41012272,0,0.0
18.49149149149149,2848134.5892430483,0,0.0
18.52052052052052,2858182.4010987678,0,0.0
18.54954954954955,2868262.9329091297,0,0.0
18.57857857857858,2878376.2719952473,0,0.0
18.60760760760761,2888522.505779469,0,0.0
18.636636636636638,2898701.7217847486,0,0.0
18.665665665665667,2908914.007634019,0,0.0
18.694694694694697,2919159.4510495635,0,0.0
18.723723723723726,2929438.1398523883,0,0.0
18.752752752752755,2939750.1619615946,0,0.0
18.78178178178178,2950095.605393748,0,0.0
18.81081081081081,2960474.558211706,0,0.0
18.83983983983984,2970887.1080659474,0,0.0
18.86886886886887,2981333.343016811,0,0.0
18.8978978978979,2991813.351344073,0,0.0
18.926926926926928,3002327.2214141428,0,0.0
18.955955955955957,3012875.0416792342,0,0.0
18.984984984984987,3023456.900676541,0,0.0
19.014014014014016,3034072.887027407,0,0.0
19.043043043043046,3044723.0894364994,0,0.0
19.07207207207207,3055407.5966909803,0,0.0
19.1011011011011,3066126.497659684,0,0.0
19.13013013013013,3076879.8812922835,0,0.0
19.15915915915916,3087667.836618465,0,0.0
19.18818818818819,3098490.4527471033,0,0.0
19.217217217217218,3109347.8188654305,0,0.0
19.246246246246248,3120240.0242382116,0,0.0
19.275275275275277,3131167.158206915,0,0.0
19.304304304304306,3142129.3101888867,0,0.0
19.333333333333336,3153126.569676522,0,0.0
19.362362362362365,3164159.0262364387,0,0.0
19.39139139139139,3175226.7695086463,0,0.0
19.42042042042042,3186329.889205728,0,0.0
19.44944944944945,3197468.4751120014,0,0.0
19.47847847847848,3208642.6170826983,0,0.0
19.50750750750751,3219852.4050182356,0,0.0
19.536536536536538,3231097.928332219,0,0.0
19.565565565565567,3242379.276747955,0,0.0
19.594594594594597,3253696.540261599,0,0.0
19.623623623623626,3265049.8089274466,0,0.0
19.652652652652655,3276439.1728568827,0,0.0
19.68168168168168,3287864.722217328,0,0.0
19.71071071071071,3299326.5472311922,0,0.0
19.73973973973974,3310824.738174814,0,0.0
19.76876876876877,3322359.385377413,0,0.0
19.7977977977978,3333930.57922004,0,0.0
19.826826826826828,3345538.41013452,0,0.0
19.855855855855857,3357182.968602405,0,0.0
19.884884884884887,3368864.3451539185,0,0.0
19.913913913913916,3380582.6303669056,0,0.0
19.942942942942945,3392337.9148657797,0,0.0
19.97197197197197,3404130.289320469,0,0.0
20.001001001001,3415959.8444453715,0,0.0
20.03003003003003,3427826.6709982934,0,0.0
20.05905905905906,3439730.859779403,0,0.0
20.08808808808809,3451672.5016301763,0,0.0
20.117117117117118,3463651.687432348,0,0.0
20.146146146146148,3475668.5081068543,0,0.0
20.175175175175177,3487723.0546127874,0,0.0
20.204204204204206,3499815.4179396736,0,0.0
20.233233233233236,3511945.688556397,0,0.0
20.262262262262265,3524113.9570701895,0,0.0
20.29129129129129,3536320.3144343747,0,0.0
20.32032032032032,3548564.8516256316,0,0.0
20.34934934934935,3560847.6596426866,0,0.0
20.37837837837838,3573168.829505017,0,0.0
20.40740740740741,3585528.4522515493,0,0.0
20.436436436436438,3597926.618939358,0,0.0
20.465465465465467,3610363.420642363,0,0.0
20.494494494494496,3622838.948450032,0,0.0
20.523523523523526,3635353.2934660763,0,0.0
20.552552552552555,3647906.5468071513,0,0.0
20.58158158158158,3660498.799601553,0,0.0
20.61061061061061,3673130.1429879237,0,0.0
20.63963963963964,3685800.6681139427,0,0.0
20.66866866866867,3698510.4661350297,0,0.0
20.6976976976977,3711259.6282130424,0,0.0
20.726726726726728,3724048.245514977,0,0.0
20.755755755755757,3736876.409211665,0,0.0
20.784784784784787,3749744.2104764744,0,0.0
20.813813813813816,3762651.740484007,0,0.0
20.842842842842845,3775599.0904087983,0,0.0
20.87187187187187,3788586.351424014,0,0.0
20.9009009009009,3801613.6147001567,0,0.0
20.92992992992993,3814680.9709062856,0,0.0
20.95895895895896,3827788.510597967,0,0.0
20.98798798798799,3840936.324769998,0,0.0
21.017017017017018,3854124.5043989443,0,0.0
21.046046046046047,3867353.1404415593,0,0.0
21.075075075075077,3880622.323833213,0,0.0
21.104104104104106,3893932.1454863194,0,0.0
21.133133133133136,3907282.6962887635,0,0.0
21.162162162162165,3920674.06710233,0,0.0
21.19119119119119,3934106.3487611264,0,0.0
21.22022022022022,3947579.6320700217,0,0.0
21.24924924924925,3961094.0078030587,0,0.0
21.27827827827828,3974649.5667018928,0,0.0
21.30730730730731,3988246.3994742143,0,0.0
21.336336336336338,4001884.596792178,0,0.0
21.365365365365367,4015564.249290831,0,0.0
21.394394394394396,4029285.447566537,0,0.0
21.423423423423426,4043048.282175409,0,0.0
21.452452452452455,4056852.8436317323,0,0.0
21.48148148148148,4070699.2224063915,0,0.0
21.51051051051051,4084587.5089253066,0,0.0
21.53953953953954,4098517.793567848,0,0.0
21.56856856856857,4112490.166665272,0,0.0
21.5975975975976,4126504.718499147,0,0.0
21.626626626626628,4140561.5362514625,0,0.0
21.655655655655657,4154660.7152557625,0,0.0
21.684684684684687,4168802.3420750564,0,0.0
21.713713713713716,4182986.5066164103,0,0.0
21.742742742742745,4197213.298715273,0,0.0
21.77177177177177,4211482.808133863,0,0.0
21.8008008008008,4225795.124559552,0,0.0
21.82982982982983,4240150.337603213,0,0.0
21.85885885885886,4254548.536797581,0,0.0
21.88788788788789,4268989.811595592,0,0.0
21.916916916916918,4283474.251368703,0,0.0
21.945945945945947,4298001.945405217,0,0.0
21.974974974974977,4312572.982908574,0,0.0
22.004004004004006,4327187.4529956505,0,0.0
22.033033033033036,4341845.444695035,0,0.0
22.062062062062065,4356547.046945294,0,0.0
22.09109109109109,4371292.348593226,0,0.0
22.12012012012012,4386081.438392109,0,0.0
22.14914914914915,4400914.404999925,0,0.0
22.17817817817818,4415791.336977578,0,0.0
22.207207207207208,4430712.322787106,0,0.0
22.236236236236238,4445677.450789873,0,0.0
22.265265265265267,4460686.809244748,0,0.0
22.294294294294296,4475740.48630628,0,0.0
22.323323323323326,4490838.569731432,0,0.0
22.352352352352355,4505981.146650534,0,0.0
22.38138138138138,4521168.304693294,0,0.0
22.41041041041041,4536400.131398321,0,0.0
22.43943943943944,4551676.714177642,0,0.0
22.46846846846847,4566998.140314299,0,0.0
22.4974974974975,4582364.496959919,0,0.0
22.526526526526528,4597775.871132272,0,0.0
22.555555555555557,4613232.349712793,0,0.0
22.584584584584587,4628734.019444096,0,0.0
22.613613613613616,4644280.966927462,0,0.0
22.642642642642645,4659873.27862031,0,0.0
22.67167167167167,4675511.040833639,0,0.0
22.7007007007007,4691194.339729467,0,0.0
22.72972972972973,4706923.2613182245,0,0.0
22.75875875875876,4722697.891456145,0,0.0
22.78778778778779,4738518.315842634,0,0.0
22.816816816816818,4754384.62001761,0,0.0
22.845845845845847,4770296.889358829,0,0.0
22.874874874874877,4786255.209079189,0,0.0
22.903903903903906,4802259.664224013,0,0.0
22.932932932932935,4818310.339668306,0,0.0
22.961961961961965,4834407.320114005,0,0.0
22.99099099099099,4850550.690087191,0,0.0
23.02002002002002,4866740.533935297,0,0.0
23.04904904904905,4882976.935824283,0,0.0
23.07807807807808,4899259.979735793,0,0.0
23.107107107107108,4915589.749464182,0,0.0
23.136136136136138,4931966.32846098,0,0.0
23.165165165165167,4948389.799971096,0,0.0
23.194194194194196,4964860.247163786,0,0.0
23.223223223223226,4981377.753006073,0,0.0
23.252252252252255,4997942.400259653,0,0.0
23.28128128128128,5014554.271477766,0,0.0
23.31031031031031,5031213.449002057,0,0.0
23.33933933933934,5047920.014959398,0,0.0
23.36836836836837,5064674.051258696,0,0.0
23.3973973973974,5081475.63958769,0,0.0
23.426426426426428,5098324.861409698,0,0.0
23.455455455455457,5115221.797960364,0,0.0
23.484484484484486,5132166.530244373,0,0.0
23.513513513513516,5149159.139032142,0,0.0
23.542542542542545,5166199.704856492,0,0.0
23.57157157157157,5183288.308009288,0,0.0
23.6006006006006,5200425.028538082,0,0.0
23.62962962962963,5217609.946242688,0,0.0
23.65865865865866,5234843.140671778,0,0.0
23.68768768768769,5252124.691119429,0,0.0
23.716716716716718,5269454.67662166,0,0.0
23.745745745745747,5286833.175952938,0,0.0
23.774774774774777,5304260.267622665,0,0.0
23.803803803803806,5321736.02987164,0,0.0
23.832832832832835,5339260.540668498,0,0.0
23.861861861861865,5356833.877706133,0,0.0
23.89089089089089,5374456.1183980815,0,0.0
23.91991991991992,5392127.339921461,0,0.0
23.94894894894895,5409847.619835255,0,0.0
23.97797797797798,5427617.035051588,0,0.0
24.007007007007008,5445435.661989348,0,0.0
24.036036036036037,5463303.57678128,0,0.0
24.065065065065067,5481220.855270707,0,0.0
24.094094094094096,5499187.573008226,0,0.0
24.123123123123126,5517203.80524839,0,0.0
24.152152152152155,5535269.62694638,0,0.0
24.18118118118118,5553385.112754653,0,0.0
24.21021021021021,5571550.337019588,0,0.0
24.23923923923924,5589765.373778097,0,0.0
24.26826826826827,5608030.296754246,0,0.0
24.2972972972973,5626345.179355835,0,0.0
24.326326326326328,5644710.094670984,0,0.0
24.355355355355357,5663125.115464696,0,0.0
24.384384384384386,5681590.314175396,0,0.0
24.413413413413416,5700105.762911472,0,0.0
24.442442442442445,5718671.533447784,0,0.0
24.47147147147147,5737287.697222172,0,0.0
24.5005005005005,5755954.325331945,0,0.0
24.52952952952953,5774671.488530342,0,0.0
24.55855855855856,5793439.257222996,0,0.0
24.58758758758759,5812257.701464375,0,0.0
24.616616616616618,5831126.890954205,0,0.0
24.645645645645647,5850046.895033886,0,0.0
24.674674674674677,5869017.782682883,0,0.0
24.703703703703706,5888039.622515108,0,0.0
24.732732732732735,5907112.482846506,0,0.0
24.761761761761765,5926236.431867302,0,0.0
24.79079079079079,5945411.537165618,0,0.0
24.81981981981982,5964637.865923982,0,0.0
24.84884884884885,5983915.484945897,0,0.0
24.87787787787788,6003244.460652323,0,0.0
24.906906906906908,6022624.859078149,0,0.0
24.935935935935937,6042056.745868646,0,0.0
24.964964964964967,6061540.1862759115,0,0.0
24.993993993993996,6081075.2451553065,0,0.0
25.023023023023026,6100661.986961873,0,0.0
25.052052052052055,6120300.475746742,0,0.0
25.08108108108108,6139990.7751535345,0,0.0
25.11011011011011,6159732.948414749,0,0.0
25.13913913913914,6179527.058348122,0,0.0
25.16816816816817,6199373.167353006,0,0.0
25.197197197197198,6219271.33740671,0,0.0
25.226226226226228,6239221.630060839,0,0.0
25.255255255255257,6259224.106437619,0,0.0
25.284284284284286,6279278.827226214,0,0.0
25.313313313313316,6299385.852679027,0,0.0
25.342342342342345,6319545.242607989,0,0.0
25.371371371371374,6339757.05638084,0,0.0
25.4004004004004,6360021.352917388,0,0.0
25.42942942942943,6380338.190685781,0,0.0
25.45845845845846,6400707.62769873,0,0.0
25.48748748748749,6421129.72150975,0,0.0
25.516516516516518,6441604.529209379,0,0.0
25.545545545545547,6462132.107504506,0,0.0
25.574574574574577,6482712.512694756,0,0.0
25.603603603603606,6503345.800494034,0,0.0
25.632632632632635,6524032.026139199,0,0.0
25.661661661661665,6544771.244387641,0,0.0
25.69069069069069,6565563.509513527,0,0.0
25.71971971971972,6586408.875304052,0,0.0
25.74874874874875,6607307.395055649,0,0.0
25.77777777777778,6628259.121570219,0,0.0
25.806806806806808,6649264.10715134,0,0.0
25.835835835835837,6670322.403600458,0,0.0
25.864864864864867,6691434.062213082,0,0.0
25.893893893893896,6712599.133774958,0,0.0
25.922922922922925,6733817.668558236,0,0.0
25.951951951951955,6755089.716317633,0,0.0
25.98098098098098,6776415.326286568,0,0.0
26.01001001001001,6797794.547173319,0,0.0
26.03903903903904,6819227.427157131,0,0.0
26.06806806806807,6840714.01388434,0,0.0
26.097097097097098,6862254.354464482,0,0.0
26.126126126126128,6883848.495466385,0,0.0
26.155155155155157,6905496.4829142615,0,0.0
26.184184184184186,6927198.362283778,0,0.0
26.213213213213216,6948954.178498125,0,0.0
26.242242242242245,6970763.975924071,0,0.0
26.271271271271274,6992627.798368011,0,0.0
26.3003003003003,7014545.689071994,0,0.0
26.32932932932933,7036517.690714546,0,0.0
26.35835835835836,7058543.845617499,0,0.0
26.38738738738739,7080624.195463352,0,0.0
26.416416416416418,7102758.781251861,0,0.0
26.445445445445447,7124947.643402481,0,0.0
26.474474474474476,7147190.821750501,0,0.0
26.503503503503506,7169488.355543166,0,0.0
26.532532532532535,7191840.283435803,0,0.0
26.561561561561565,7214246.643487921,0,0.0
26.59059059059059,7236707.473159325,0,0.0
26.61961961961962,7259222.8093062155,0,0.0
26.64864864864865,7281792.68817726,0,0.0
26.67767767767768,7304417.14540969,0,0.0
26.706706706706708,7327096.216025374,0,0.0
26.735735735735737,7349829.934426876,0,0.0
26.764764764764767,7372618.334393523,0,0.0
26.793793793793796,7395461.449077451,0,0.0
26.822822822822825,7418359.310999656,0,0.0
26.851851851851855,7441311.952046025,0,0.0
26.88088088088088,7464319.403463364,0,0.0
26.90990990990991,7487381.695855434,0,0.0
26.93893893893894,7510498.859178949,0,0.0
26.96796796796797,7533670.9227395905,0,0.0
26.996996996996998,7556897.915188009,0,0.0
27.026026026026027,7580179.864515812,0,0.0
27.055055055055057,7603516.798051555,0,0.0
27.084084084084086,7626908.742456714,0,0.0
27.113113113113116,7650355.723721659,0,0.0
27.142142142142145,7673857.7672080435,0,0.0
27.171171171171174,7697414.897908569,0,0.0
27.2002002002002,7721027.139908598,0,0.0
27.22922922922923,7744694.51654909,0,0.0
27.25825825825826,7768417.050485092,0,0.0
27.28728728728729,7792194.763681897,0,0.0
27.316316316316318,7816027.677411169,0,0.0
27.345345345345347,7839915.812247082,0,0.0
27.374374374374376,7863859.18806245,0,0.0
27.403403403403406,7887857.824024849,0,0.0
27.432432432432435,7911911.738592741,0,0.0
27.461461461461464,7936020.949511597,0,0.0
27.49049049049049,7960185.4738099985,0,0.0
27.51951951951952,7984405.327795769,0,0.0
27.54854854854855,8008680.527052062,0,0.0
27.57757757757758,8033011.08643347,0,0.0
27.606606606606608,8057397.020062131,0,0.0
27.635635635635637,8081838.341323815,0,0.0
27.664664664664667,8106335.062864023,0,0.0
27.693693693693696,8130887.196584072,0,0.0
27.722722722722725,8155494.753637181,0,0.0
27.751751751751755,8180157.744424551,0,0.0
27.78078078078078,8204876.178591439,0,0.0
27.80980980980981,8229650.065023246,0,0.0
27.83883883883884,8254479.411841567,0,0.0
27.86786786786787,8279364.226400267,0,0.0
27.896896896896898,8304304.515281545,0,0.0
27.925925925925927,8329300.284291986,0,0.0
27.954954954954957,8354351.538621224,0,0.0
27.983983983983986,8379458.282965704,0,0.0
28.013013013013015,8404620.52089381,0,0.0
28.042042042042045,8429838.255170874,0,0.0
28.071071071071074,8455111.487774078,0,0.0
28.1001001001001,8480440.21988877,0,0.0
28.12912912912913,8505824.4519048,0,0.0
28.15815815815816,8531264.183412818,0,0.0
28.187187187187188,8556759.413200611,0,0.0
28.216216216216218,8582310.139249418,0,0.0
28.245245245245247,8607916.35873026,0,0.0
28.274274274274276,8633578.068000266,0,0.0
28.303303303303306,8659295.262598991,0,0.0
28.332332332332335,8685067.937244752,0,0.0
28.361361361361364,8710896.08583095,0,0.0
28.39039039039039,8736779.7014224,0,0.0
28.41941941941942,8762718.776251677,0,0.0
28.44844844844845,8788713.301715417,0,0.0
28.47747747747748,8814763.268370679,0,0.0
28.506506506506508,8840868.665931258,0,0.0
28.535535535535537,8867029.483264036,0,0.0
28.564564564564566,8893245.70838531,0,0.0
28.593593593593596,8919517.328457123,0,0.0
28.622622622622625,8945844.329783613,0,0.0
28.651651651651655,8972226.697807351,0,0.0
28.68068068068068,8998664.41710567,0,0.0
28.70970970970971,9025157.471387023,0,0.0
28.73873873873874,9051705.843487587,0,0.0
28.76776776776777,9078309.515750872,0,0.0
28.796796796796798,9104968.46967574,0,0.0
28.825825825825827,9131682.685574923,0,0.0
28.854854854854857,9158452.142882522,0,0.0
28.883883883883886,9185276.820150716,0,0.0
28.912912912912915,9212156.695046443,0,0.0
28.941941941941945,9239091.744348109,0,0.0
28.970970970970974,9266081.943942284,0,0.0
29.0,9293127.268820431,0,0.0
